id|id_categoria|name|description|image|sort|status|created_at|updated_at
1|6|||b.jpg|1|active|2014-04-01 00:00:00|2014-04-01 00:00:00
2|7|||c.jpg|2|active|2014-04-01 00:00:00|2014-04-01 00:00:00
3|8|||d.jpg|3|active|2014-04-01 00:00:00|2014-04-01 00:00:00
4|9|||e.jpg|4|active|2014-04-01 00:00:00|2014-04-01 00:00:00
5|10|||f.jpg|5|active|2014-04-01 00:00:00|2014-04-01 00:00:00
6|6|Cascada de bolitas|Para cremallera|a.jpg|6|active|2014-04-01 00:00:00|2014-04-01 00:00:00
7|7|||i.jpg|7|active|2014-04-01 00:00:00|2014-04-01 00:00:00
8|8|||g.jpg|8|active|2014-04-01 00:00:00|2014-04-01 00:00:00
9|9|||h.jpg|9|active|2014-04-01 00:00:00|2014-04-01 00:00:00
